count,f0,gender,speaker,utterance
115,151.8426035652174,2,KL,h05
155,204.4819802580645,2,DC,h05
103,146.13371349514563,2,KL,h04
135,215.00529407407402,2,DC,h04
149,243.13788791946308,2,JE,su01
89,130.7844333707865,2,KL,d07
179,165.75065251396651,2,DC,sa15
112,144.50489455357143,2,DC,d07
99,111.79847626262622,2,KL,d06
108,136.28844814814815,2,DC,d06
209,166.8514466028708,2,DC,sa14
93,132.61391827956987,2,JK,n18
114,130.34681666666668,2,JK,n19
149,216.1999610738255,2,DC,su13
173,212.82138121387283,2,DC,su12
109,172.64729174311927,2,JE,sa07
140,173.89657764285718,2,JE,sa06
109,128.41187522935786,2,JE,n25
118,182.6047577966102,2,JK,a03
109,128.82258550458715,2,JE,n24
152,139.6712734868421,2,JK,a02
116,131.56565112068967,2,KL,n01
111,123.72156261261259,2,DC,n01
106,137.85828462264152,2,JK,n26
124,183.43340443548385,2,JE,a01
165,129.78412315151513,2,JK,n27
143,223.9403594405595,2,JK,su07
117,228.60826213675213,2,JK,su06
195,169.4074285128205,2,DC,a10
151,153.87299264900665,2,KL,a10
113,144.45699026548672,2,DC,a11
94,130.29517170212765,2,KL,a11
98,245.63734897959182,2,JE,f06
147,225.6746042857143,2,JE,f07
123,137.6831357723577,2,JK,n12
96,153.50487197916667,2,KL,su07
86,123.82593616279068,2,JK,n13
86,212.33914767441863,2,KL,su06
149,143.6160955704698,2,JK,sa01
93,136.17031978494623,2,KL,sa01
152,264.55361644736837,2,JK,f05
127,253.1076516535433,2,JK,f04
150,127.96306226666668,2,JE,n11
130,126.32060923076924,2,JE,n10
191,140.3634577486911,2,JK,d14
226,151.20884026548669,2,JK,d15
162,168.97205796296296,2,JE,h15
215,159.3800295348837,2,JE,h14
159,195.80493603773587,2,JK,a09
147,209.8431285714286,2,JK,a08
127,204.25412937007874,2,DC,su04
120,207.0883433333333,2,DC,su05
152,159.68274013157895,2,JE,sa10
195,166.90326333333334,2,JE,sa11
149,122.89156355704695,2,KL,d10
158,185.96304367088607,2,DC,sa02
157,155.6304847133758,2,DC,d10
109,124.68008137614679,2,KL,d11
139,146.5373568345324,2,DC,d11
104,193.4993605769231,2,DC,sa03
133,115.87237406015038,2,KL,n28
143,121.96238986013987,2,DC,n28
96,111.61126697916666,2,KL,n29
134,122.2900847761194,2,DC,n29
177,154.22773107344636,2,KL,h12
182,209.7338568131868,2,DC,h12
95,169.08594978947366,2,KL,h13
112,215.4021,2,DC,h13
128,208.39092578125,2,DC,f01
98,143.98625163265302,2,KL,f01
156,143.53622846153846,2,JK,d09
141,151.18301737588652,2,JK,d08
135,125.61759348148145,2,JK,n30
107,130.56076271028036,2,KL,n16
112,125.94210749999999,2,DC,n16
103,116.34908572815534,2,KL,n17
136,120.6371519117647,2,DC,n17
129,224.053215503876,2,JE,h08
166,211.78094963855426,2,JE,h09
218,177.78636821100918,2,JK,a14
222,191.35647941441445,2,JK,a15
195,259.99129087179483,2,JK,f12
113,267.3062146017699,2,JK,f13
84,132.00402749999998,2,JE,n06
129,120.9179269767442,2,JE,n07
100,191.23952900000003,2,DC,sa08
110,192.2682121818181,2,DC,sa09
107,112.11833411214953,2,KL,n22
111,127.80186936936936,2,DC,n22
105,120.24363752380951,2,KL,n23
116,129.51085517241378,2,DC,n23
134,217.43950373134328,2,JE,f11
142,248.22895774647893,2,JE,f10
104,131.79385971153846,2,JK,n05
134,167.59133082089554,2,KL,su10
132,132.0979268181818,2,JK,n04
70,163.85812714285714,2,KL,su11
131,184.3192022900763,2,DC,a07
84,146.30984285714285,2,KL,a07
114,164.3730543859649,2,DC,a06
92,138.73241152173912,2,KL,a06
183,232.2028155737705,2,JK,su10
98,242.4105142857143,2,JK,su11
135,160.88545029629628,2,JE,d01
141,172.5040538297873,2,JE,h02
74,210.85259459459462,2,JE,h03
105,205.12920428571425,2,JK,d03
160,192.124382125,2,JK,d02
142,190.28275950704227,2,JK,h01
106,136.0527705660377,2,JK,n08
126,140.16322126984124,2,JK,n09
84,212.21055357142853,2,DC,su03
142,210.9711302816901,2,DC,su02
177,155.83556655367232,2,KL,h15
231,198.61412519480518,2,DC,h15
200,140.72144545,2,KL,h14
213,198.6716408450704,2,DC,h14
124,212.64330112903224,2,JE,su11
186,223.25924322580642,2,JE,su10
160,172.26869625,2,DC,sa05
191,184.91177696335075,2,DC,sa04
205,153.16729419512197,2,JE,a10
127,133.30524960629918,2,JE,a11
87,185.22604137931043,2,DC,f06
87,142.4193773563218,2,KL,f06
104,188.99047884615382,2,DC,f07
109,141.84200779816513,2,KL,f07
187,181.4059244919786,2,JK,a13
128,206.05510859375,2,JK,a12
208,118.71676307692309,2,KL,n11
189,128.41529603174604,2,DC,n11
137,108.25848364963501,2,KL,n10
146,126.46117945205481,2,DC,n10
112,116.05699830357142,2,KL,n25
140,122.53164257142859,2,DC,n25
104,122.34947596153845,2,KL,n24
122,126.79641286885244,2,DC,n24
212,113.32062056603772,2,JK,sa11
164,136.50431201219513,2,JK,sa10
205,123.3080553170732,2,KL,sa11
242,237.53388504132232,2,JK,f15
130,108.75638084615385,2,KL,sa10
199,251.14876442211053,2,JK,f14
94,129.57410627659576,2,JE,n01
131,162.9407587786259,2,DC,a01
124,160.33740693548387,2,KL,a01
108,201.3454462962963,2,DC,su09
95,214.9601747368422,2,DC,su08
153,122.8359777777778,2,JK,n02
111,129.6074100900901,2,JK,n03
128,166.6422421875,2,JE,h05
149,178.53834161073826,2,JE,h04
90,129.55414511111113,2,JE,d07
94,134.57014734042556,2,JE,d06
145,174.36802503448277,2,JK,h06
123,179.65723382113822,2,JK,h07
131,206.10692099236644,2,JK,d04
124,202.67394677419358,2,JK,d05
118,240.27959194915246,2,JE,su06
178,263.0947626404494,2,JE,su07
144,169.94364861111112,2,DC,sa12
110,162.21363745454545,2,KL,d01
196,176.9807724489796,2,DC,sa13
151,153.85123834437087,2,DC,d01
102,142.11235039215686,2,KL,h02
146,214.9083226027397,2,DC,h02
71,175.93060816901402,2,KL,h03
106,230.21653773584904,2,DC,h03
141,233.2349620567376,2,JK,f08
138,224.08438130434783,2,JK,f09
169,217.08391834319528,2,DC,su14
157,221.1006585987261,2,DC,su15
146,180.643852260274,2,JE,sa01
87,116.38048919540232,2,KL,n06
106,131.92083188679246,2,DC,n06
118,107.29331245762714,2,KL,n07
138,117.98040695652172,2,DC,n07
142,164.0832487323944,2,JK,a04
110,133.10288081818183,2,JE,n22
147,177.373379047619,2,JK,a05
109,133.90874366972474,2,JE,n23
126,174.82399682539682,2,DC,f11
100,129.35578669999998,2,KL,f11
130,207.89873538461538,2,DC,f10
110,167.60822363636362,2,KL,f10
114,132.56514710526315,2,JK,n21
142,155.4516998591549,2,JE,a07
120,130.21501341666666,2,JK,n20
140,147.74396221428574,2,JE,a06
164,230.40532164634143,2,JE,f01
171,122.32232771929827,2,JK,n15
142,128.43862859154933,2,JK,n14
111,199.98513333333332,2,KL,su01
184,248.29630880434783,2,JK,su01
168,202.8610767857143,2,JK,f02
108,121.68006212962965,2,KL,sa06
112,268.63239642857144,2,JK,f03
95,114.48306631578949,2,KL,sa07
102,133.70970764705882,2,JE,n16
108,145.98640925925923,2,JE,n17
82,144.2294125609756,2,KL,h08
104,202.0258125,2,DC,h08
134,155.9782120149254,2,KL,h09
139,219.4811079136691,2,DC,h09
130,130.65537784615387,2,JK,sa06
111,125.61089126126127,2,JK,sa07
226,135.8775452212389,2,JK,d13
82,152.30615207317075,2,JK,d12
195,191.5463925641025,2,JK,h11
140,187.79659928571425,2,JK,h10
132,118.4847187878788,2,JE,d10
144,136.28972319444443,2,JE,d11
120,124.76632333333332,2,JE,n28
110,125.38431727272726,2,JE,n29
186,187.0437640860215,2,JE,h12
116,180.49997801724138,2,JE,h13
90,126.94992388888888,2,JE,n05
93,130.8391458064516,2,JE,n04
144,244.99247819444443,2,JK,f11
149,114.22971449664426,2,KL,sa15
79,245.02498481012654,2,JK,f10
168,117.45448398809522,2,KL,sa14
182,115.00346434065935,2,JK,sa15
183,112.00997300546446,2,JK,sa14
119,127.37899579831937,2,DC,n21
88,118.21559909090912,2,KL,n21
131,127.01473152671757,2,DC,n20
115,125.85555130434784,2,KL,n20
136,144.81274963235296,2,KL,su13
93,152.91703946236558,2,JK,n06
129,156.95716465116283,2,KL,su12
163,139.15514889570554,2,JK,n07
201,210.8620983084577,2,JE,f12
113,207.7146945132744,2,JE,f13
100,141.88821030000003,2,KL,a04
116,166.80541637931034,2,DC,a04
118,143.92170728813556,2,KL,a05
138,156.52140000000003,2,DC,a05
164,247.58194219512197,2,JK,su13
203,293.5898726600985,2,JK,su12
55,201.48318363636363,2,JE,d03
122,127.40976540983604,2,JE,d02
158,175.3158220886076,2,JE,h01
147,202.18953959183673,2,JK,d01
135,172.4194500740741,2,JK,h02
123,193.49572292682927,2,JK,h03
106,144.44484566037738,2,KL,f08
140,190.5728307142857,2,DC,f08
129,172.74236984496125,2,KL,f09
134,191.9881805970149,2,DC,f09
186,171.69989892473126,2,JE,sa13
191,160.55101062827225,2,JE,sa12
121,196.8727322314049,2,DC,su07
93,201.24536559139787,2,DC,su06
125,191.1655248,2,DC,sa01
209,144.8826846889952,2,DC,d13
184,111.30315864130436,2,KL,d13
143,154.2495986013986,2,DC,d12
73,137.9985064383562,2,KL,d12
200,191.0204285,2,JE,su15
185,194.45256427027027,2,JE,su14
246,179.17201105691058,2,DC,h11
195,133.0124053846154,2,KL,h11
144,204.30618541666664,2,DC,h10
110,155.44126027272722,2,KL,h10
121,131.34717363636364,2,KL,f02
150,220.20591933333336,2,DC,f02
82,161.75653719512198,2,KL,f03
99,230.93797676767682,2,DC,f03
104,204.95124903846158,2,JK,h08
140,204.52200142857143,2,JK,h09
216,135.2330488888889,2,JE,a14
252,134.02154861111111,2,JE,a15
148,123.47796222972971,2,DC,n15
134,111.3018586567164,2,KL,n15
126,135.63844126984122,2,DC,n14
144,121.61926951388888,2,KL,n14
81,133.25932012345677,2,JE,n30
159,119.19500377358492,2,JE,d09
141,125.48915808510635,2,JE,d08
154,226.41364448051948,2,JK,su04
118,220.21320508474568,2,JK,su05
146,125.54626643835616,2,KL,a13
173,160.96861849710984,2,DC,a13
116,145.76156043103444,2,KL,a12
121,174.84815471074384,2,DC,a12
106,156.46969188679242,2,KL,su04
180,131.288356,2,JK,n11
92,164.80327576086955,2,KL,su05
156,126.77864782051282,2,JK,n10
104,266.16522048076934,2,JE,f05
122,255.32315967213117,2,JE,f04
151,253.2017548344371,2,JE,su08
156,129.08916064102564,2,JK,sa02
145,137.9915067586207,2,JK,sa03
138,257.02939057971014,2,JE,su09
109,137.3525091743119,2,JE,n12
83,135.85271325301204,2,JE,n13
105,111.41539190476192,2,KL,sa02
120,236.41007666666667,2,JK,f06
75,140.32761653333333,2,KL,sa03
153,227.12174862745098,2,JK,f07
210,197.50082447619045,2,JK,h15
199,201.91911075376888,2,JK,h14
196,146.01725826530608,2,JE,a09
166,180.11951795180718,2,JE,a08
97,130.99182268041235,2,DC,n08
92,119.81590369565217,2,KL,n08
134,129.05568582089552,2,DC,n09
129,116.02390682170542,2,KL,n09
168,121.68502309523814,2,JE,d14
230,123.75226443478262,2,JE,d15
91,117.41337153846152,2,KL,sa08
94,121.31232882978728,2,KL,sa09
84,136.16503928571422,2,JE,n18
105,130.02864171428573,2,JE,n19
142,186.8459550704225,2,DC,h06
112,131.52903124999997,2,KL,h06
138,204.71653115942033,2,DC,h07
105,138.77494952380954,2,KL,h07
130,154.81341746153842,2,DC,d04
128,129.844487109375,2,KL,d04
130,158.07074169230768,2,DC,d05
118,132.37072322033896,2,KL,d05
120,211.36412466666667,2,JE,su02
110,139.42224063636365,2,JK,sa08
129,134.66532542635656,2,JK,sa09
50,239.22331359999998,2,JE,su03
174,164.6615335632184,2,JE,sa04
151,160.46526821192052,2,JE,sa05
122,176.17434131147542,2,DC,su10
98,216.5084846938776,2,DC,su11
72,126.58334416666668,2,JE,n26
146,121.10904986301372,2,JE,n27
144,169.44302319444444,2,JK,a01
131,121.2218838167939,2,DC,n02
100,108.4712838,2,KL,n02
88,133.33368068181818,2,DC,n03
74,133.55014878378378,2,KL,n03
87,170.43138367816087,2,JE,a03
128,122.609163125,2,JK,n25
125,149.98113199999997,2,JE,a02
100,138.58465669999998,2,JK,n24
175,142.30422645714287,2,KL,f15
199,179.79686130653266,2,DC,f15
134,142.98154895522387,2,KL,f14
163,182.6771668711656,2,DC,f14
74,190.58324472972973,2,KL,su03
122,132.5044568852459,2,JK,n16
116,154.10170112068963,2,KL,su02
139,123.36960208633093,2,JK,n17
157,208.70975872611461,2,JE,f02
57,215.34488157894737,2,JE,f03
107,247.52453364485982,2,JK,su03
113,175.50603982300885,2,JE,sa09
128,179.5219296875,2,JE,sa08
179,212.0663002793296,2,JK,su02
173,129.9402590751445,2,KL,a14
166,166.428853313253,2,DC,a14
157,130.90155305732486,2,KL,a15
226,160.21257699115048,2,DC,a15
139,127.67282014388486,2,JE,n15
108,130.73391796296298,2,JE,n14
160,247.08807662500004,2,JK,f01
141,123.11696574468084,2,KL,sa05
168,119.21217976190478,2,KL,sa04
209,132.11756818181817,2,JK,sa05
220,126.429318,2,JK,sa04
123,134.7068138211382,2,DC,n30
115,115.95176930434782,2,KL,n30
169,147.28541065088757,2,DC,d09
125,129.08184928,2,KL,d09
148,148.03700243243244,2,DC,d08
119,120.72254966386556,2,KL,d08
171,121.5514494736842,2,JK,n28
122,126.384845,2,JK,n29
159,156.42811635220124,2,JK,d10
129,153.4540476744186,2,JK,d11
186,189.87342532258063,2,JK,h12
104,205.12098653846158,2,JK,h13
227,121.255565154185,2,JE,d13
74,147.63770905405406,2,JE,d12
204,181.00859460784312,2,JE,h11
140,212.9697942857143,2,JE,h10
101,148.65500633663368,2,DC,d03
229,165.9482349344978,2,DC,sa11
84,152.4422698809524,2,KL,d03
152,188.75888289473687,2,DC,sa10
165,142.8550175151515,2,DC,d02
110,121.34282736363636,2,KL,d02
126,242.37817214285718,2,JE,su05
162,236.43039074074073,2,JE,su04
154,204.0881155844156,2,DC,h01
119,173.86828142857146,2,KL,h01
140,218.551978,2,JK,su09
86,221.49144302325575,2,JE,sa03
129,167.88713186046513,2,JE,sa02
121,222.03886842975209,2,JK,su08
141,246.05720780141843,2,JE,f08
132,229.1321762878788,2,JE,f09
110,140.99066281818185,2,KL,su09
100,179.12961629999995,2,KL,su08
81,127.03245925925926,2,DC,n05
71,103.33374014084507,2,KL,n05
108,126.3080809259259,2,DC,n04
101,114.19706415841586,2,KL,n04
130,188.43741923076922,2,JK,a07
104,133.91280961538462,2,JE,n21
120,178.8089185,2,JK,a06
123,130.96452699186992,2,JE,n20
178,130.2624782022472,2,KL,f12
166,165.96904759036147,2,DC,f12
94,149.94755074468085,2,KL,f13
103,172.86622650485432,2,DC,f13
127,132.58700118110235,2,JK,n22
128,173.366662890625,2,JE,a04
107,125.29106943925234,2,JK,n23
132,189.32606121212123,2,JE,a05
166,107.72536933734938,2,JK,sa12
197,119.57099081218273,2,JK,sa13
118,138.38845762711864,2,DC,n26
104,138.13694134615386,2,KL,n26
181,126.47076071823206,2,DC,n27
160,113.8302375625,2,KL,n27
119,138.75033840336135,2,JE,n02
79,144.02337468354432,2,JE,n03
138,104.92499869565218,2,KL,sa12
157,111.12773012738856,2,KL,sa13
79,152.82725063291142,2,KL,a03
93,186.82971720430112,2,DC,a03
99,123.94205090909092,2,KL,a02
149,138.6154932885906,2,DC,a02
212,284.9115722169812,2,JK,su14
236,270.92784067796606,2,JK,su15
160,148.20578425,2,KL,su14
126,135.34771388888885,2,JK,n01
179,137.469390726257,2,KL,su15
184,214.19682065217393,2,JE,f15
198,200.5807479292929,2,JE,f14
85,128.4410494117647,2,DC,n18
82,138.47273170731708,2,KL,n18
117,126.3791564102564,2,DC,n19
110,126.97518327272728,2,KL,n19
193,188.7869259067357,2,JE,h06
130,208.2560276923077,2,JE,h07
119,154.29925445378151,2,JE,d04
147,182.44070829931974,2,JE,d05
140,179.40227207142857,2,JK,h05
149,182.9659906711409,2,JK,h04
119,146.70700033613448,2,JK,d07
115,143.9013194782609,2,JK,d06
118,126.53571194915257,2,KL,a09
163,146.0302730061349,2,DC,a09
119,150.42734932773104,2,KL,a08
152,201.43982894736843,2,DC,a08
205,165.55430541463414,2,JE,sa14
170,153.61236458823532,2,JE,sa15
113,205.93885752212398,2,DC,su01
72,124.48960305555555,2,JE,n08
111,129.2979957657658,2,JE,n09
199,155.37623869346734,2,DC,d14
149,187.7166038255034,2,DC,sa06
171,115.56568532163745,2,KL,d14
114,184.73147894736843,2,DC,sa07
224,141.66481964285714,2,DC,d15
175,120.828152,2,KL,d15
204,190.7369505882353,2,JE,su12
201,204.7053223880597,2,JE,su13
206,139.2122082524272,2,JE,a13
163,162.5493501840491,2,JE,a12
128,160.67314015625,2,KL,f05
134,230.1695541791045,2,DC,f05
102,159.34063627450982,2,KL,f04
117,231.3604282051282,2,DC,f04
167,197.21846077844316,2,JK,a10
120,213.06233083333333,2,JK,a11
111,120.54139108108109,2,DC,n12
105,120.82917276190477,2,KL,n12
92,129.6580858695652,2,DC,n13
83,138.11137674698793,2,KL,n13
354,182.47782983050843,1,,8837
156,212.38189230769225,2,,89
91,224.63506494505498,2,,526
48,197.88144583333332,2,,88
107,243.70609616822426,2,,527
351,144.6941888888889,1,,5679
301,168.161969833887,2,,286
93,215.47160107526886,2,,287
152,185.06473815789474,1,,7953
150,143.52274440000002,1,,11913
181,249.9665022099448,1,,11889
136,283.5867727941176,1,,6039
42,235.44918095238097,2,,467
106,193.96757924528302,1,,60
61,162.8582144262295,2,,53
247,169.38287125506073,1,,1296
137,192.51418452554745,2,,518
120,296.03475,2,,482
262,169.17677480916032,1,,11609
314,193.1347242038217,1,,175
94,175.12266138297875,2,,410
164,132.56291756097562,2,,24
181,209.2780627071824,2,,322
146,212.85813636986302,2,,144
95,160.6235781052632,2,,323
61,237.86715573770488,2,,263
137,187.7644405109489,1,,2830
316,227.8921003164557,1,,8185
60,155.84088000000006,2,,550
247,150.869983805668,1,,1803
119,168.5265148739496,1,,1666
215,146.23180474418606,1,,9245
20,185.8466795,2,,458
26,211.0647923076924,2,,58
177,150.26436214689264,1,,5109
22,285.19593409090913,2,,257
258,128.74841542635662,1,,4352
238,136.7732329411765,1,,3293
194,178.86598793814431,1,,6032
105,146.78266266666662,2,,564
236,131.34682605932204,1,,7047
231,149.15267272727272,1,,6426
137,159.3654535036496,1,,11006
244,217.77967377049183,1,,6427
108,198.4390913888889,2,,425
38,231.35953947368424,2,,316
64,172.33952828125,2,,170
177,181.81206841807912,1,,672
35,252.19719942857142,2,,171
79,276.54035898734173,2,,317
393,208.31845941475825,2,,11
185,115.6071227027027,1,,4281
8,294.876925,2,,385
37,183.36981081081086,2,,107
102,179.38904470588238,2,,361
218,195.77832220183484,2,,66
102,236.35236078431373,2,,7
96,135.833974375,2,,194
123,137.50940658536584,1,,4639
284,279.25968345070424,2,,268
215,91.59246316279068,1,,3545
362,149.1670435635359,2,,581
198,198.11987136363632,1,,2616
240,153.99198325,1,,10004
122,233.5979885245901,2,,488
298,239.58749093959733,2,,489
125,213.3220972,1,,1185
227,225.15461400881057,2,,221
139,217.5712920863309,2,,512
197,199.47202944162441,1,,5211
142,196.00502049295773,1,,6472
83,159.09467710843373,2,,471
107,152.16005074766355,2,,617
174,161.97601511494258,2,,124
303,207.02851818481847,2,,342
81,216.24028839506173,2,,343
144,119.67776604166669,2,,125
257,120.81530163424124,1,,2580
230,186.92922852173908,1,,5627
184,168.6397265217391,2,,45
90,142.40371466666667,2,,44
56,262.01241607142856,2,,579
162,137.86274839506174,1,,2819
155,237.25554612903224,1,,2361
83,221.45120481927708,2,,439
209,185.9501602870813,1,,7494
177,184.79528689265538,2,,438
106,217.36710764150945,2,,291
175,210.9335933714286,1,,7661
70,287.9955942857143,2,,203
21,232.22114285714287,2,,202
168,151.06046928571428,2,,531
57,193.46243894736844,2,,530
182,175.7510791208791,2,,398
474,210.54205242616032,1,,4949
144,224.40118541666664,1,,12331
176,209.63614659090908,1,,3419
124,144.67924443548392,1,,9963
188,138.10586771276596,2,,546
76,222.91169210526317,2,,547
163,199.34418779141103,1,,1484
43,279.88927209302324,2,,188
178,153.44012949438203,2,,189
219,137.20372506849316,1,,162
207,201.446274589372,1,,11243
56,252.1918375,2,,407
208,323.30209600961535,1,,11242
73,149.25621506849316,2,,406
77,207.5048738961039,2,,152
87,119.39198068965516,2,,334
172,155.3591,1,,1638
166,274.78017493975904,2,,33
273,139.48400758241758,1,,1003
170,175.23944423529412,1,,5758
218,242.77139564220184,2,,495
143,205.0714718181818,2,,494
395,210.08505878481012,1,,8746
78,163.4319214102564,2,,94
29,302.3626827586207,2,,393
183,109.45733508196724,2,,392
33,192.3066987878788,2,,209
33,113.42915575757576,2,,208
84,158.67154523809518,2,,433
290,161.31395248275862,1,,5156
267,221.16023970037446,1,,7504
312,196.55439391025644,1,,6165
87,172.79555172413797,2,,301
175,193.0197265142857,1,,11723
402,241.43225499999997,2,,167
52,169.8617894230769,2,,166
96,223.65296875,2,,300
29,140.02549586206894,2,,240
262,152.22162938931297,2,,241
108,205.14635314814808,1,,7445
22,290.84594818181813,2,,572
204,207.00229460784317,1,,4477
276,176.05886304347825,2,,573
278,161.01239014388491,2,,236
186,256.81914301075267,2,,505
51,266.6878274509804,2,,504
183,140.45386087431692,1,,7938
165,184.74735636363638,1,,2354
502,255.02947669322708,2,,158
96,278.64123125,2,,38
141,177.11320595744684,2,,39
75,167.75338680000004,2,,596
156,234.12519391025643,1,,5169
228,108.77531951754385,1,,8417
279,244.30677526881726,2,,182
90,163.25363466666667,2,,183
214,208.70804551401864,1,,1772
218,182.15380830275225,1,,10495
214,141.83217056074767,2,,622
68,293.13183750000013,2,,444
10,293.26486,2,,445
227,236.33713215859032,1,,11201
202,238.35552311881187,2,,623
222,148.2388318918919,2,,71
174,238.5946371264368,2,,376
211,137.1886952606635,2,,377
11,285.03431818181815,2,,111
340,156.72652135294115,1,,6113
233,184.51514120171677,1,,7449
279,269.2949002867383,2,,477
492,177.43911386178863,1,,11055
40,256.60384750000003,2,,611
55,325.7001363636364,1,,11232
125,209.26889568,1,,70
318,233.75510283018863,2,,345
124,183.987405,2,,123
255,189.9549052156863,2,,344
50,158.26148679999997,2,,42
118,158.71358194915254,2,,43
191,181.59022565445025,1,,8827
278,272.3061745683453,1,,7400
351,175.28797931623933,1,,507
89,254.0188424719101,2,,204
71,258.30527746478873,1,,8078
164,155.66208719512198,1,,506
67,279.2170731343283,2,,205
26,296.2195807692308,2,,99
223,167.9098997309417,1,,6534
29,131.56156896551724,2,,536
188,155.74923462765958,2,,537
183,151.51414043715852,1,,1466
134,167.82726029850747,1,,3707
134,150.47341276119403,1,,10977
284,148.88238098591552,2,,297
259,209.05124942084942,1,,5571
68,218.94465588235286,2,,272
174,108.89079954022985,2,,541
14,118.64175714285713,2,,540
188,221.8223675531915,2,,449
219,134.81343607305936,1,,2423
430,235.0848683255814,1,,8452
58,248.80088965517243,2,,448
299,185.67972371237457,1,,1144
160,135.6089849375,1,,1262
161,154.86309,1,,12083
250,204.38628559999998,2,,508
125,238.17582400000003,2,,509
170,241.18552170588242,2,,492
214,152.55206443925238,2,,493
185,181.13849854054055,1,,4995
180,124.91967327777779,2,,400
57,252.38981491228068,2,,154
200,220.118849,1,,430
299,231.890968361204,2,,155
220,289.7984734090909,2,,35
172,231.92320232558137,2,,34
177,173.9098576271186,1,,2797
62,110.22405048387098,2,,434
101,156.32038009900992,2,,435
291,207.16303017182133,1,,3259
345,177.5098423768116,2,,160
328,118.31003652439024,2,,306
109,210.57667660550462,2,,161
215,124.62132874418606,1,,11378
131,175.63437938931298,2,,92
428,149.20131656542057,1,,5496
284,146.68116352112673,1,,2198
172,160.1694691860465,1,,4290
321,190.2006115264797,1,,5058
170,242.1337341176471,1,,6835
116,193.26503017241376,2,,129
94,226.66941489361702,2,,128
224,283.7727856250001,2,,48
106,215.56899537735848,2,,49
30,245.29802,2,,247
196,155.19980714285714,2,,246
176,248.3888355113636,1,,7443
479,159.0933136743215,1,,7442
186,227.1800741935484,2,,575
330,130.06296830303032,1,,276
201,154.90962786069653,1,,2778
102,238.3829541176471,2,,574
315,109.47535488888887,2,,338
61,215.88211639344257,2,,339
155,182.91622393548386,1,,7395
63,183.2882,2,,590
464,163.02986961206898,2,,591
124,131.64244080645165,1,,533
142,187.52661816901409,2,,230
95,183.52194378947368,2,,231
235,252.63087063829784,2,,498
49,184.05318653061227,2,,499
156,206.200456474359,1,,6766
150,178.89351499999998,1,,11120
307,171.58785547231267,2,,502
143,233.52981482517484,2,,443
256,187.9300546875,1,,340
265,161.5884348301887,1,,6627
125,153.06009552,2,,442
225,175.08092275555558,1,,10890
240,251.42501341666667,1,,7575
152,253.5637092763158,2,,77
38,161.0238342105263,2,,371
121,162.07803338842973,2,,370
172,192.10467383720928,1,,2075
167,254.22083796407185,2,,279
14,213.93512857142852,2,,278
264,188.94695901515152,1,,10797
104,188.99564807692303,1,,1470
184,138.18690760869566,2,,281
322,180.6614183540373,2,,280
80,247.79485800000003,2,,429
310,245.1996704516129,2,,428
143,260.15291888111886,1,,6211
106,280.0933037735849,2,,213
257,141.83748354085603,1,,9668
203,270.4927044334975,1,,11098
119,190.8737494117647,2,,389
159,208.7067182389937,2,,388
252,241.4059559523809,1,,9594
17,198.79755294117646,2,,521
423,172.18148780141843,1,,11224
52,235.2531980769231,1,,11042
229,184.88261004366814,1,,105
13,231.63468461538457,2,,607
210,178.07858023809524,2,,461
53,169.0723850943396,2,,55
123,260.40090943089433,2,,54
133,112.19718481203009,2,,352
53,174.73154716981136,2,,134
431,158.42501044083525,1,,4031
292,182.17222431506852,2,,135
79,114.31978189873415,2,,353
49,175.28004877551018,2,,569
168,160.31296476190477,1,,6860
151,167.76550311258273,1,,4967
313,210.0952782428115,1,,11253
165,153.69894218181818,1,,3842
140,164.86529814285714,2,,416
291,176.65431096219933,1,,8159
204,143.81660441176467,1,,427
110,178.34936363636365,1,,2575
169,245.98977100591722,1,,8505
198,238.78852712121216,1,,10009
182,155.63938461538459,2,,485
257,275.08428949416344,2,,484
228,173.56599495614032,1,,10857
208,176.74718346153847,1,,7281
158,158.80936525316457,1,,1189
215,165.74863860465118,1,,11529
255,151.7582688627451,1,,3766
261,152.03532229885056,1,,4850
365,209.42739410958905,1,,6092
50,131.70025380000004,1,,5964
20,181.670899,2,,264
148,283.07123581081083,1,,2837
291,186.2102462199313,1,,12320
21,114.66629857142858,2,,198
172,181.07380343023254,2,,556
187,230.3952390374332,1,,9972
34,118.14190029411765,2,,557
58,210.52549517241383,2,,250
33,233.34751666666668,2,,251
229,229.83851048034938,1,,11885
74,126.47200716216216,2,,562
58,164.8182455172414,2,,358
250,127.56741184,2,,359
183,184.9505,1,,4286
144,170.71620520833332,2,,84
81,293.8121345679013,2,,218
88,256.21184534090906,2,,423
12,236.83225,2,,422
337,142.9920147774481,1,,5919
113,231.83522654867255,2,,177
157,123.04919414012741,2,,310
83,165.8029978313253,2,,176
107,128.05629186915888,2,,193
108,146.78524046296297,1,,3599
78,178.80965141025644,2,,454
44,208.2686522727273,2,,367
153,168.3397282352941,2,,1
182,185.61830824175823,2,,227
236,169.04647669491527,1,,4145
250,171.03900647999995,2,,226
86,258.484681511628,2,,514
107,191.34737794392524,2,,28
286,143.3251870979021,2,,587
68,286.62510588235307,2,,29
258,185.70835484496124,2,,586
25,166.3437172,2,,149
418,226.36006918660286,2,,148
545,213.5760712477064,1,,8407
121,255.03928760330575,1,,11697
187,172.8404689304813,1,,1560
56,201.41076160714283,2,,97
320,202.431103625,2,,96
210,164.59099666666663,2,,390
66,228.67154181818185,2,,302
127,185.0810070866142,2,,303
199,104.69958376884422,2,,430
82,106.07636231707315,2,,431
100,163.613269,2,,299
177,249.64163723163844,2,,570
227,155.21593546255508,1,,3287
275,233.7944719636364,1,,7089
61,212.1883229508197,2,,243
146,236.6783554794521,2,,242
156,234.2364194230769,1,,3649
147,165.08871482993197,1,,4789
122,189.72236557377047,1,,9003
186,204.64273548387095,2,,479
280,211.15514564285718,2,,478
213,197.67087563380284,1,,8136
110,234.87682772727268,2,,506
427,135.48291093676815,1,,6504
202,160.74585490099008,2,,507
77,295.81163376623385,2,,234
112,269.69810473214284,1,,537
99,212.66004646464648,2,,235
195,167.58084087179492,1,,536
118,279.2810624576271,1,,5751
136,239.3155890441177,1,,2464
142,182.6380011971831,2,,594
70,170.64241771428576,2,,595
282,202.15115070921985,1,,1987
267,235.33928104868914,1,,11439
551,220.63547822141564,1,,10496
113,225.63134159292042,1,,2216
129,199.40559922480617,1,,6183
49,141.06250551020406,2,,181
40,253.19625499999998,2,,180
183,128.40393120218582,2,,72
221,149.8509642533937,1,,1678
161,224.35286459627326,2,,73
189,154.67574740740739,2,,113
99,212.6457121212121,2,,375
311,213.79806739549838,2,,374
243,143.79644670781894,2,,112
261,141.7000767816092,2,,447
73,100.6898808219178,2,,446
184,223.3816254891304,2,,127
199,220.40135804020096,2,,341
39,184.29539,2,,340
188,177.0736594680851,2,,126
272,152.45324577205884,1,,7722
381,227.6035485564304,1,,9009
480,232.0532831875,1,,4576
173,194.80348404624283,2,,615
279,165.49394354838708,1,,11051
68,187.3142416176471,2,,473
228,247.43738991228068,2,,472
409,189.0376810024449,1,,11236
146,181.28795267123286,2,,248
541,198.05513560073936,1,,7082
211,156.28570094786733,2,,292
192,177.5817718229167,1,,3256
15,257.94802000000004,2,,293
324,216.8933953703704,2,,532
269,219.57884052044608,1,,7894
343,127.42091877551022,1,,2853
393,184.24713531806614,1,,6065
106,131.20802462264152,2,,78
115,180.9898773043478,2,,79
56,145.19367446428572,2,,119
34,184.0891785294118,2,,118
155,248.8868098064516,1,,3911
275,185.41814436363637,1,,7341
152,200.64069473684208,1,,6188
132,199.83089825757577,2,,150
94,197.4311968085107,2,,151
126,227.89304095238097,2,,337
132,266.11448409090906,1,,2792
16,290.6601525,2,,31
68,150.61808499999995,2,,30
92,192.6800459782609,2,,405
193,134.97067321243523,1,,8042
575,193.8438516173913,1,,90
188,209.98605382978718,1,,1732
107,171.61915214953268,1,,1001
204,182.33247102941175,1,,6769
143,113.09981650349651,2,,608
53,120.34978698113207,2,,609
185,153.0557978918919,1,,3064
205,271.3461180487805,1,,11322
275,172.26302218181817,2,,567
299,135.50242698996655,1,,9087
85,178.5090671764706,2,,254
105,221.9898838095238,2,,255
113,166.89698690265487,2,,315
139,268.262709352518,1,,2119
75,169.85846919999997,2,,173
62,229.06080064516132,2,,172
164,240.3003097560976,1,,11736
14,264.44266428571433,2,,314
132,163.35242045454547,2,,12
40,255.9864825,2,,13
22,330.03625,2,,427
251,196.15471924302787,2,,426
122,137.46580885245902,2,,387
316,204.97632433544305,1,,3125
142,213.82316338028164,2,,104
505,186.69454122772282,1,,11526
313,189.67515418530357,2,,105
56,147.49554446428567,2,,65
250,204.5263114,1,,5134
165,140.7978078787879,2,,450
293,173.3169756996587,1,,10810
84,264.00570357142857,1,,3660
7,352.91337142857145,2,,196
200,188.8122085,1,,11924
214,143.32481042056074,2,,197
123,189.28469048780488,2,,558
33,290.4110848484848,2,,559
34,207.74132941176472,2,,419
188,132.4663266489362,1,,2614
159,188.36256352201252,2,,583
285,206.8975763859649,1,,1627
226,168.0313665929204,2,,511
725,173.45458860689655,1,,213
221,211.86738371040727,1,,5212
344,167.08882,1,,7641
187,160.11792545454546,1,,1549
450,251.83521377777774,2,,223
140,305.1615077857143,1,,6221
72,151.4477172222222,1,,10859
228,195.0839666666666,2,,222
230,269.18428217391306,1,,3348
55,231.69766,2,,525
177,191.59040050847454,2,,524
15,160.00305866666662,2,,217
213,289.16972863849765,1,,7675
78,201.59097435897442,2,,284
219,136.90439703196347,1,,6648
373,221.83633383378017,2,,178
263,193.4506517110266,1,,3573
135,292.4197237037037,1,,9993
288,198.22431215277774,1,,10748
99,149.61804343434343,2,,51
384,200.08956721354167,2,,50
22,247.43705909090914,2,,356
309,167.025362394822,1,,6355
239,204.7888789121339,2,,357
188,196.85862473404254,2,,131
34,286.9691632352941,2,,602
196,138.94203367346938,1,,11046
115,134.55758260869564,2,,464
171,130.28291994152048,1,,2669
76,156.76181513157894,2,,465
28,193.2505678571429,2,,481
227,239.77384713656392,1,,10853
139,131.78266287769785,2,,228
180,196.88300888888887,2,,589
157,194.25520152866244,1,,12002
102,182.63029009803918,2,,588
87,221.47991735632192,2,,27
281,232.8797965480427,2,,147
94,286.0716991489361,2,,146
68,285.88857117647046,2,,413
152,169.58758072368425,1,,11257
169,154.46692917159763,1,,11699
205,197.3864224390244,1,,7357
7,356.6628571428572,2,,552
66,116.8789887878788,2,,553
121,173.39044033057854,2,,260
99,161.69285191919192,2,,261
135,131.6417434074074,2,,369
328,152.36263277439022,1,,4603
34,292.3082214705882,2,,560
424,209.65302160377357,1,,10829
0,,2,,253
273,104.88017194139195,1,,5953
161,179.56373751552795,1,,2664
88,297.41449795454537,1,,11485
218,234.025354587156,1,,3204
264,162.23724473484845,1,,3476
341,244.53243642228742,2,,380
69,160.01377101449273,2,,381
96,198.31906541666663,2,,87
102,99.64284843137254,2,,86
106,139.42667716981134,2,,174
120,251.040909,2,,312
73,116.41063027397264,2,,313
214,195.5733171028037,1,,410
271,150.44165797047972,2,,15
142,193.2355500704225,1,,5880
396,160.10693898989896,1,,1478
130,230.44514615384614,2,,288
331,125.12089567975832,1,,10462
291,255.02939474226804,2,,289
196,218.12762918367343,2,,420
383,190.07749707571801,1,,4743
154,222.79743253246758,1,,1973
252,141.29363611111108,2,,421
223,153.46225757847537,1,,6645
116,107.07239844827585,1,,3333
64,146.66874859375002,2,,191
311,109.12872980707395,2,,190
73,138.3370817808219,2,,365
312,146.13598169871798,2,,103
344,155.42249491279068,1,,467
311,217.0402329903537,2,,102
258,175.77660759689925,2,,2
131,179.6517678625954,2,,3
231,233.29888658008656,1,,4552
164,147.47106024390243,2,,457
86,143.98627011627906,2,,456
4,319.797525,2,,517
82,189.49993780487804,2,,225
262,152.1886954961832,1,,1180
67,127.8786637313433,2,,585
59,301.3717610169492,2,,282
131,145.6817612977099,2,,283
140,127.62249857142857,1,,5581
219,147.31481260273972,1,,6428
334,137.78017748502995,1,,7487
200,142.18907895,1,,5580
57,283.61904035087724,2,,318
20,310.0764650000001,2,,319
11,194.80955454545452,2,,522
316,134.4649035759494,2,,523
76,192.78861842105263,2,,210
41,141.77844707317072,1,,2842
79,195.0709429113924,2,,56
301,137.79421445182726,2,,351
188,261.5007756914893,1,,11773
148,137.74588797297298,2,,137
267,140.0912916104869,1,,6134
536,182.0260854477612,2,,350
311,146.5136485530547,1,,3837
20,156.818618,2,,463
189,188.74773280423284,1,,1931
140,156.0143754285714,2,,604
208,213.4323581730769,2,,462
145,143.67087455172413,1,,3069
328,158.28649451219513,1,,4792
285,154.77400522807017,2,,259
461,221.0909879826464,2,,258
106,232.20511575471699,1,,8717
226,246.81031681415925,2,,20
104,181.20097865384616,2,,140
45,124.49781555555555,2,,326
179,145.93365011173182,2,,141
512,152.0688372265625,1,,3840
131,188.62418549618323,2,,415
119,223.06414680672268,2,,486
153,185.7123104575164,1,,80
269,226.8636407063197,2,,487
129,124.25272829457363,1,,1722
310,227.4436683225807,1,,8052
382,182.65865361256547,1,,10190
296,138.80646837837838,1,,3371
189,152.43797994708999,2,,109
28,155.99756142857146,2,,8
9,232.808,2,,69
174,184.0929229885057,2,,9
170,203.80288723529407,1,,11928
94,196.471850106383,2,,555
222,192.92393121621623,1,,11177
193,134.85852792746115,1,,9971
423,194.54276312056737,1,,5699
22,237.84076636363636,2,,267
27,217.90265555555558,2,,163
17,133.49668235294118,2,,305
19,308.6967,2,,162
127,172.16359527559058,2,,437
184,132.71080271739132,1,,8217
413,195.94482987893463,1,,7593
83,231.00108867469882,2,,91
39,207.7369076923077,2,,397
339,90.8345409144543,1,,7186
101,215.86061841584163,2,,576
309,153.75969003236244,2,,577
473,231.13992008456663,1,,6020
80,121.76052725,2,,245
105,171.6568374285714,2,,409
209,162.36219540669856,2,,408
148,265.4121687837838,2,,500
161,124.67084366459629,1,,10849
72,256.40348861111113,2,,232
138,225.15641304347827,1,,5617
120,155.45285141666668,2,,74
253,209.2782870750988,1,,6370
109,152.4714633027523,2,,372
246,217.7266174796748,2,,114
123,179.7891931707317,2,,115
156,133.7110232692308,2,,373
193,253.76662393782382,2,,440
106,228.02393490566035,2,,626
447,212.42704362416112,1,,4544
74,286.5742797297296,2,,627
142,180.56391823943662,2,,441
72,153.14662458333333,2,,548
10,235.60034,2,,549
92,143.46093108695655,2,,186
181,124.7874777348066,2,,187
213,139.27561807511736,1,,6683
210,177.37111866666663,1,,182
161,177.24637391304347,1,,3177
650,194.04845146153846,1,,11901
193,172.22270310880833,2,,120
113,159.73448672566371,2,,121
77,295.0321611688312,2,,347
244,168.69764713114756,1,,12202
42,155.68087666666662,2,,474
186,157.20961139784944,2,,612
226,137.0093925221239,2,,475
116,137.10345172413793,2,,535
0,,2,,534
211,186.44552568720374,1,,8749
213,157.52772690140844,1,,7402
154,162.56104623376626,2,,206
145,171.33338965517245,1,,1798
512,146.50089501953124,1,,7490
65,246.82289846153847,2,,295
133,139.42695503759398,2,,294
285,195.0638538596492,2,,169
274,171.4108425547445,2,,168
123,182.70059788617888,2,,542
395,112.63247653164557,1,,11306
226,163.90587566371684,1,,5572
17,165.06268823529413,2,,270
142,133.49028126760564,2,,271
142,177.53080619718313,1,,2420
562,169.50595387900356,1,,5786
163,250.72771288343563,1,,971
112,202.3731125892857,2,,378
133,147.06664736842103,1,,8045
83,189.41250542168675,2,,491
133,126.74901646616543,2,,490
168,159.27222857142857,2,,599
296,192.63083523648652,2,,36
493,155.08919034482759,2,,598
302,201.5135953642384,1,,12275
177,193.80213932203392,1,,5166
226,214.83892079646012,1,,11021
174,158.15850689655176,1,,4760
